{
  "mae_model": 38.214285714285715,
  "rmse_model": 46.71952788411165,
  "mape_model": 3.898827227785336,
  "mae_naive": 21.785714285714285,
  "rmse_naive": 27.451255500822334,
  "mape_naive": 2.203535748042691
}