{
  "mae": 29.48116705374614,
  "rmse": 50.093319004669716,
  "r2_log": 0.7269626343345001
}