{
  "threshold": 150.0,
  "accuracy": 0.8023560209424084,
  "roc_auc": 0.8906077061427782,
  "precision": 0.61003861003861,
  "recall": 0.7596153846153846,
  "f1": 0.6766595289079229
}